date,name,age,median,upper
2020-03-03,cases,[0 - 9],0,2
2020-03-03,cases,[10 - 19],1,5
2020-03-03,cases,[20 - 29],3,8
2020-03-03,cases,[30 - 39],4,10
2020-03-03,cases,[40 - 49],6,12
2020-03-03,cases,[50 - 59],4,10
2020-03-03,cases,[60 - 69],3,8
2020-03-03,cases,[70 - 79],0,3
2020-03-03,cases,80+,0,1
2020-03-03,cases,total,22,36
2020-03-03,hospital,[0 - 9],0,0
2020-03-03,hospital,[10 - 19],0,0
2020-03-03,hospital,[20 - 29],0,1
2020-03-03,hospital,[30 - 39],0,2
2020-03-03,hospital,[40 - 49],0,2
2020-03-03,hospital,[50 - 59],0,3
2020-03-03,hospital,[60 - 69],0,3
2020-03-03,hospital,[70 - 79],0,1
2020-03-03,hospital,80+,0,1
2020-03-03,hospital,total,1,5
2020-03-03,icu,[0 - 9],0,0
2020-03-03,icu,[10 - 19],0,0
2020-03-03,icu,[20 - 29],0,0
2020-03-03,icu,[30 - 39],0,0
2020-03-03,icu,[40 - 49],0,1
2020-03-03,icu,[50 - 59],0,1
2020-03-03,icu,[60 - 69],0,1
2020-03-03,icu,[70 - 79],0,1
2020-03-03,icu,80+,0,0
2020-03-03,icu,total,0,2
2020-03-04,cases,[0 - 9],0,2
2020-03-04,cases,[10 - 19],1,5
2020-03-04,cases,[20 - 29],4,9
2020-03-04,cases,[30 - 39],5,11
2020-03-04,cases,[40 - 49],7,14
2020-03-04,cases,[50 - 59],5,12
2020-03-04,cases,[60 - 69],3,8
2020-03-04,cases,[70 - 79],1,3
2020-03-04,cases,80+,0,1
2020-03-04,cases,total,27,42
2020-03-04,hospital,[0 - 9],0,0
2020-03-04,hospital,[10 - 19],0,0
2020-03-04,hospital,[20 - 29],0,1
2020-03-04,hospital,[30 - 39],0,1
2020-03-04,hospital,[40 - 49],0,2
2020-03-04,hospital,[50 - 59],0,3
2020-03-04,hospital,[60 - 69],0,3
2020-03-04,hospital,[70 - 79],0,2
2020-03-04,hospital,80+,0,1
2020-03-04,hospital,total,2,6
2020-03-04,icu,[0 - 9],0,0
2020-03-04,icu,[10 - 19],0,0
2020-03-04,icu,[20 - 29],0,0
2020-03-04,icu,[30 - 39],0,0
2020-03-04,icu,[40 - 49],0,1
2020-03-04,icu,[50 - 59],0,1
2020-03-04,icu,[60 - 69],0,1
2020-03-04,icu,[70 - 79],0,1
2020-03-04,icu,80+,0,0
2020-03-04,icu,total,0,2
2020-03-05,cases,[0 - 9],0,2
2020-03-05,cases,[10 - 19],2,6
2020-03-05,cases,[20 - 29],4,10
2020-03-05,cases,[30 - 39],6,12
2020-03-05,cases,[40 - 49],8,16
2020-03-05,cases,[50 - 59],6,13
2020-03-05,cases,[60 - 69],4,10
2020-03-05,cases,[70 - 79],1,3
2020-03-05,cases,80+,0,1
2020-03-05,cases,total,33,48
2020-03-05,hospital,[0 - 9],0,0
2020-03-05,hospital,[10 - 19],0,0
2020-03-05,hospital,[20 - 29],0,1
2020-03-05,hospital,[30 - 39],0,2
2020-03-05,hospital,[40 - 49],0,2
2020-03-05,hospital,[50 - 59],0,3
2020-03-05,hospital,[60 - 69],1,3
2020-03-05,hospital,[70 - 79],0,2
2020-03-05,hospital,80+,0,1
2020-03-05,hospital,total,2,6
2020-03-05,icu,[0 - 9],0,0
2020-03-05,icu,[10 - 19],0,0
2020-03-05,icu,[20 - 29],0,0
2020-03-05,icu,[30 - 39],0,0
2020-03-05,icu,[40 - 49],0,1
2020-03-05,icu,[50 - 59],0,1
2020-03-05,icu,[60 - 69],0,2
2020-03-05,icu,[70 - 79],0,1
2020-03-05,icu,80+,0,0
2020-03-05,icu,total,0,2
2020-03-06,cases,[0 - 9],0,3
2020-03-06,cases,[10 - 19],2,6
2020-03-06,cases,[20 - 29],5,11
2020-03-06,cases,[30 - 39],7,14
2020-03-06,cases,[40 - 49],10,18
2020-03-06,cases,[50 - 59],8,15
2020-03-06,cases,[60 - 69],5,11
2020-03-06,cases,[70 - 79],1,4
2020-03-06,cases,80+,0,1
2020-03-06,cases,total,39,57
2020-03-06,hospital,[0 - 9],0,0
2020-03-06,hospital,[10 - 19],0,0
2020-03-06,hospital,[20 - 29],0,1
2020-03-06,hospital,[30 - 39],0,2
2020-03-06,hospital,[40 - 49],0,3
2020-03-06,hospital,[50 - 59],1,3
2020-03-06,hospital,[60 - 69],1,3
2020-03-06,hospital,[70 - 79],0,2
2020-03-06,hospital,80+,0,1
2020-03-06,hospital,total,3,7
2020-03-06,icu,[0 - 9],0,0
2020-03-06,icu,[10 - 19],0,0
2020-03-06,icu,[20 - 29],0,0
2020-03-06,icu,[30 - 39],0,0
2020-03-06,icu,[40 - 49],0,1
2020-03-06,icu,[50 - 59],0,1
2020-03-06,icu,[60 - 69],0,1
2020-03-06,icu,[70 - 79],0,1
2020-03-06,icu,80+,0,0
2020-03-06,icu,total,0,2
2020-03-07,cases,[0 - 9],0,3
2020-03-07,cases,[10 - 19],3,7
2020-03-07,cases,[20 - 29],6,13
2020-03-07,cases,[30 - 39],9,16
2020-03-07,cases,[40 - 49],12,22
2020-03-07,cases,[50 - 59],9,17
2020-03-07,cases,[60 - 69],6,13
2020-03-07,cases,[70 - 79],1,4
2020-03-07,cases,80+,0,1
2020-03-07,cases,total,48,65
2020-03-07,hospital,[0 - 9],0,0
2020-03-07,hospital,[10 - 19],0,0
2020-03-07,hospital,[20 - 29],0,1
2020-03-07,hospital,[30 - 39],0,2
2020-03-07,hospital,[40 - 49],0,3
2020-03-07,hospital,[50 - 59],1,4
2020-03-07,hospital,[60 - 69],1,4
2020-03-07,hospital,[70 - 79],0,2
2020-03-07,hospital,80+,0,1
2020-03-07,hospital,total,3,8
2020-03-07,icu,[0 - 9],0,0
2020-03-07,icu,[10 - 19],0,0
2020-03-07,icu,[20 - 29],0,0
2020-03-07,icu,[30 - 39],0,0
2020-03-07,icu,[40 - 49],0,1
2020-03-07,icu,[50 - 59],0,1
2020-03-07,icu,[60 - 69],0,2
2020-03-07,icu,[70 - 79],0,1
2020-03-07,icu,80+,0,0
2020-03-07,icu,total,0,2
2020-03-08,cases,[0 - 9],0,3
2020-03-08,cases,[10 - 19],3,8
2020-03-08,cases,[20 - 29],8,15
2020-03-08,cases,[30 - 39],10,19
2020-03-08,cases,[40 - 49],15,25
2020-03-08,cases,[50 - 59],11,20
2020-03-08,cases,[60 - 69],8,15
2020-03-08,cases,[70 - 79],1,5
2020-03-08,cases,80+,0,1
2020-03-08,cases,total,58,78
2020-03-08,hospital,[0 - 9],0,0
2020-03-08,hospital,[10 - 19],0,0
2020-03-08,hospital,[20 - 29],0,1
2020-03-08,hospital,[30 - 39],0,2
2020-03-08,hospital,[40 - 49],1,3
2020-03-08,hospital,[50 - 59],1,4
2020-03-08,hospital,[60 - 69],1,4
2020-03-08,hospital,[70 - 79],0,2
2020-03-08,hospital,80+,0,1
2020-03-08,hospital,total,4,9
2020-03-08,icu,[0 - 9],0,0
2020-03-08,icu,[10 - 19],0,0
2020-03-08,icu,[20 - 29],0,0
2020-03-08,icu,[30 - 39],0,1
2020-03-08,icu,[40 - 49],0,1
2020-03-08,icu,[50 - 59],0,1
2020-03-08,icu,[60 - 69],0,2
2020-03-08,icu,[70 - 79],0,1
2020-03-08,icu,80+,0,1
2020-03-08,icu,total,0,3
2020-03-09,cases,[0 - 9],1,3
2020-03-09,cases,[10 - 19],4,9
2020-03-09,cases,[20 - 29],9,17
2020-03-09,cases,[30 - 39],12,22
2020-03-09,cases,[40 - 49],18,29
2020-03-09,cases,[50 - 59],13,23
2020-03-09,cases,[60 - 69],9,16
2020-03-09,cases,[70 - 79],2,5
2020-03-09,cases,80+,0,1
2020-03-09,cases,total,70,91
2020-03-09,hospital,[0 - 9],0,0
2020-03-09,hospital,[10 - 19],0,0
2020-03-09,hospital,[20 - 29],0,1
2020-03-09,hospital,[30 - 39],0,2
2020-03-09,hospital,[40 - 49],1,4
2020-03-09,hospital,[50 - 59],1,5
2020-03-09,hospital,[60 - 69],1,5
2020-03-09,hospital,[70 - 79],0,3
2020-03-09,hospital,80+,0,1
2020-03-09,hospital,total,5,11
2020-03-09,icu,[0 - 9],0,0
2020-03-09,icu,[10 - 19],0,0
2020-03-09,icu,[20 - 29],0,0
2020-03-09,icu,[30 - 39],0,1
2020-03-09,icu,[40 - 49],0,1
2020-03-09,icu,[50 - 59],0,1
2020-03-09,icu,[60 - 69],0,2
2020-03-09,icu,[70 - 79],0,1
2020-03-09,icu,80+,0,1
2020-03-09,icu,total,0,3
2020-03-10,cases,[0 - 9],1,4
2020-03-10,cases,[10 - 19],5,10
2020-03-10,cases,[20 - 29],11,21
2020-03-10,cases,[30 - 39],15,26
2020-03-10,cases,[40 - 49],22,34
2020-03-10,cases,[50 - 59],16,27
2020-03-10,cases,[60 - 69],11,19
2020-03-10,cases,[70 - 79],2,6
2020-03-10,cases,80+,0,2
2020-03-10,cases,total,84,108
2020-03-10,hospital,[0 - 9],0,0
2020-03-10,hospital,[10 - 19],0,1
2020-03-10,hospital,[20 - 29],0,1
2020-03-10,hospital,[30 - 39],0,2
2020-03-10,hospital,[40 - 49],1,4
2020-03-10,hospital,[50 - 59],2,5
2020-03-10,hospital,[60 - 69],2,6
2020-03-10,hospital,[70 - 79],0,3
2020-03-10,hospital,80+,0,1
2020-03-10,hospital,total,6,13
2020-03-10,icu,[0 - 9],0,0
2020-03-10,icu,[10 - 19],0,0
2020-03-10,icu,[20 - 29],0,0
2020-03-10,icu,[30 - 39],0,1
2020-03-10,icu,[40 - 49],0,1
2020-03-10,icu,[50 - 59],0,2
2020-03-10,icu,[60 - 69],0,2
2020-03-10,icu,[70 - 79],0,1
2020-03-10,icu,80+,0,1
2020-03-10,icu,total,0,3
2020-03-11,cases,[0 - 9],1,4
2020-03-11,cases,[10 - 19],6,12
2020-03-11,cases,[20 - 29],13,23
2020-03-11,cases,[30 - 39],18,29
2020-03-11,cases,[40 - 49],26,39
2020-03-11,cases,[50 - 59],20,30
2020-03-11,cases,[60 - 69],13,22
2020-03-11,cases,[70 - 79],2,7
2020-03-11,cases,80+,0,2
2020-03-11,cases,total,100,125
2020-03-11,hospital,[0 - 9],0,0
2020-03-11,hospital,[10 - 19],0,1
2020-03-11,hospital,[20 - 29],0,1
2020-03-11,hospital,[30 - 39],0,3
2020-03-11,hospital,[40 - 49],1,4
2020-03-11,hospital,[50 - 59],2,6
2020-03-11,hospital,[60 - 69],2,6
2020-03-11,hospital,[70 - 79],0,3
2020-03-11,hospital,80+,0,1
2020-03-11,hospital,total,7,13
2020-03-11,icu,[0 - 9],0,0
2020-03-11,icu,[10 - 19],0,0
2020-03-11,icu,[20 - 29],0,0
2020-03-11,icu,[30 - 39],0,1
2020-03-11,icu,[40 - 49],0,1
2020-03-11,icu,[50 - 59],0,2
2020-03-11,icu,[60 - 69],0,2
2020-03-11,icu,[70 - 79],0,1
2020-03-11,icu,80+,0,1
2020-03-11,icu,total,1,3
2020-03-12,cases,[0 - 9],1,4
2020-03-12,cases,[10 - 19],7,13
2020-03-12,cases,[20 - 29],16,27
2020-03-12,cases,[30 - 39],22,34
2020-03-12,cases,[40 - 49],31,45
2020-03-12,cases,[50 - 59],24,35
2020-03-12,cases,[60 - 69],16,25
2020-03-12,cases,[70 - 79],3,8
2020-03-12,cases,80+,0,2
2020-03-12,cases,total,120,148
2020-03-12,hospital,[0 - 9],0,0
2020-03-12,hospital,[10 - 19],0,1
2020-03-12,hospital,[20 - 29],0,2
2020-03-12,hospital,[30 - 39],1,3
2020-03-12,hospital,[40 - 49],1,5
2020-03-12,hospital,[50 - 59],2,6
2020-03-12,hospital,[60 - 69],2,7
2020-03-12,hospital,[70 - 79],1,3
2020-03-12,hospital,80+,0,1
2020-03-12,hospital,total,8,16
2020-03-12,icu,[0 - 9],0,0
2020-03-12,icu,[10 - 19],0,0
2020-03-12,icu,[20 - 29],0,0
2020-03-12,icu,[30 - 39],0,1
2020-03-12,icu,[40 - 49],0,1
2020-03-12,icu,[50 - 59],0,2
2020-03-12,icu,[60 - 69],0,2
2020-03-12,icu,[70 - 79],0,2
2020-03-12,icu,80+,0,1
2020-03-12,icu,total,1,4
2020-03-13,cases,[0 - 9],1,5
2020-03-13,cases,[10 - 19],8,16
2020-03-13,cases,[20 - 29],19,31
2020-03-13,cases,[30 - 39],26,39
2020-03-13,cases,[40 - 49],37,52
2020-03-13,cases,[50 - 59],28,42
2020-03-13,cases,[60 - 69],19,29
2020-03-13,cases,[70 - 79],3,9
2020-03-13,cases,80+,0,2
2020-03-13,cases,total,143,173
2020-03-13,hospital,[0 - 9],0,0
2020-03-13,hospital,[10 - 19],0,1
2020-03-13,hospital,[20 - 29],0,2
2020-03-13,hospital,[30 - 39],1,3
2020-03-13,hospital,[40 - 49],2,6
2020-03-13,hospital,[50 - 59],3,7
2020-03-13,hospital,[60 - 69],3,8
2020-03-13,hospital,[70 - 79],1,4
2020-03-13,hospital,80+,0,1
2020-03-13,hospital,total,10,18
2020-03-13,icu,[0 - 9],0,0
2020-03-13,icu,[10 - 19],0,0
2020-03-13,icu,[20 - 29],0,0
2020-03-13,icu,[30 - 39],0,1
2020-03-13,icu,[40 - 49],0,1
2020-03-13,icu,[50 - 59],0,2
2020-03-13,icu,[60 - 69],0,3
2020-03-13,icu,[70 - 79],0,2
2020-03-13,icu,80+,0,1
2020-03-13,icu,total,1,4
2020-03-14,cases,[0 - 9],2,5
2020-03-14,cases,[10 - 19],10,18
2020-03-14,cases,[20 - 29],23,35
2020-03-14,cases,[30 - 39],31,44
2020-03-14,cases,[40 - 49],44,62
2020-03-14,cases,[50 - 59],34,47
2020-03-14,cases,[60 - 69],22,34
2020-03-14,cases,[70 - 79],4,10
2020-03-14,cases,80+,0,2
2020-03-14,cases,total,171,202
2020-03-14,hospital,[0 - 9],0,0
2020-03-14,hospital,[10 - 19],0,1
2020-03-14,hospital,[20 - 29],0,2
2020-03-14,hospital,[30 - 39],1,4
2020-03-14,hospital,[40 - 49],2,6
2020-03-14,hospital,[50 - 59],3,8
2020-03-14,hospital,[60 - 69],4,9
2020-03-14,hospital,[70 - 79],1,4
2020-03-14,hospital,80+,0,1
2020-03-14,hospital,total,12,20
2020-03-14,icu,[0 - 9],0,0
2020-03-14,icu,[10 - 19],0,0
2020-03-14,icu,[20 - 29],0,0
2020-03-14,icu,[30 - 39],0,1
2020-03-14,icu,[40 - 49],0,1
2020-03-14,icu,[50 - 59],0,2
2020-03-14,icu,[60 - 69],0,3
2020-03-14,icu,[70 - 79],0,2
2020-03-14,icu,80+,0,1
2020-03-14,icu,total,1,5
2020-03-15,cases,[0 - 9],2,6
2020-03-15,cases,[10 - 19],12,20
2020-03-15,cases,[20 - 29],27,40
2020-03-15,cases,[30 - 39],37,51
2020-03-15,cases,[40 - 49],53,71
2020-03-15,cases,[50 - 59],40,56
2020-03-15,cases,[60 - 69],26,39
2020-03-15,cases,[70 - 79],5,11
2020-03-15,cases,80+,0,2
2020-03-15,cases,total,202,239
2020-03-15,hospital,[0 - 9],0,0
2020-03-15,hospital,[10 - 19],0,1
2020-03-15,hospital,[20 - 29],0,2
2020-03-15,hospital,[30 - 39],1,4
2020-03-15,hospital,[40 - 49],2,7
2020-03-15,hospital,[50 - 59],4,9
2020-03-15,hospital,[60 - 69],4,10
2020-03-15,hospital,[70 - 79],1,4
2020-03-15,hospital,80+,0,1
2020-03-15,hospital,total,14,23
2020-03-15,icu,[0 - 9],0,0
2020-03-15,icu,[10 - 19],0,0
2020-03-15,icu,[20 - 29],0,0
2020-03-15,icu,[30 - 39],0,1
2020-03-15,icu,[40 - 49],0,1
2020-03-15,icu,[50 - 59],0,3
2020-03-15,icu,[60 - 69],1,3
2020-03-15,icu,[70 - 79],0,2
2020-03-15,icu,80+,0,1
2020-03-15,icu,total,1,5
2020-03-16,cases,[0 - 9],2,7
2020-03-16,cases,[10 - 19],13,24
2020-03-16,cases,[20 - 29],33,47
2020-03-16,cases,[30 - 39],44,60
2020-03-16,cases,[40 - 49],62,82
2020-03-16,cases,[50 - 59],47,65
2020-03-16,cases,[60 - 69],31,45
2020-03-16,cases,[70 - 79],6,13
2020-03-16,cases,80+,0,3
2020-03-16,cases,total,240,280
2020-03-16,hospital,[0 - 9],0,0
2020-03-16,hospital,[10 - 19],0,1
2020-03-16,hospital,[20 - 29],0,2
2020-03-16,hospital,[30 - 39],1,5
2020-03-16,hospital,[40 - 49],3,8
2020-03-16,hospital,[50 - 59],5,10
2020-03-16,hospital,[60 - 69],5,11
2020-03-16,hospital,[70 - 79],1,5
2020-03-16,hospital,80+,0,1
2020-03-16,hospital,total,16,27
2020-03-16,icu,[0 - 9],0,0
2020-03-16,icu,[10 - 19],0,0
2020-03-16,icu,[20 - 29],0,0
2020-03-16,icu,[30 - 39],0,1
2020-03-16,icu,[40 - 49],0,1
2020-03-16,icu,[50 - 59],0,3
2020-03-16,icu,[60 - 69],1,4
2020-03-16,icu,[70 - 79],0,2
2020-03-16,icu,80+,0,1
2020-03-16,icu,total,2,6
2020-03-17,cases,[0 - 9],3,8
2020-03-17,cases,[10 - 19],16,26
2020-03-17,cases,[20 - 29],38,53
2020-03-17,cases,[30 - 39],51,69
2020-03-17,cases,[40 - 49],73,93
2020-03-17,cases,[50 - 59],56,74
2020-03-17,cases,[60 - 69],37,51
2020-03-17,cases,[70 - 79],7,14
2020-03-17,cases,80+,0,3
2020-03-17,cases,total,282,325
2020-03-17,hospital,[0 - 9],0,0
2020-03-17,hospital,[10 - 19],0,1
2020-03-17,hospital,[20 - 29],0,3
2020-03-17,hospital,[30 - 39],1,5
2020-03-17,hospital,[40 - 49],3,9
2020-03-17,hospital,[50 - 59],5,12
2020-03-17,hospital,[60 - 69],6,12
2020-03-17,hospital,[70 - 79],2,5
2020-03-17,hospital,80+,0,1
2020-03-17,hospital,total,19,30
2020-03-17,icu,[0 - 9],0,0
2020-03-17,icu,[10 - 19],0,0
2020-03-17,icu,[20 - 29],0,0
2020-03-17,icu,[30 - 39],0,1
2020-03-17,icu,[40 - 49],0,2
2020-03-17,icu,[50 - 59],0,3
2020-03-17,icu,[60 - 69],1,4
2020-03-17,icu,[70 - 79],0,2
2020-03-17,icu,80+,0,1
2020-03-17,icu,total,2,6
2020-03-18,cases,[0 - 9],3,8
2020-03-18,cases,[10 - 19],19,29
2020-03-18,cases,[20 - 29],45,61
2020-03-18,cases,[30 - 39],60,80
2020-03-18,cases,[40 - 49],86,109
2020-03-18,cases,[50 - 59],65,83
2020-03-18,cases,[60 - 69],43,59
2020-03-18,cases,[70 - 79],8,16
2020-03-18,cases,80+,1,3
2020-03-18,cases,total,330,375
2020-03-18,hospital,[0 - 9],0,0
2020-03-18,hospital,[10 - 19],0,1
2020-03-18,hospital,[20 - 29],0,3
2020-03-18,hospital,[30 - 39],2,6
2020-03-18,hospital,[40 - 49],4,10
2020-03-18,hospital,[50 - 59],7,13
2020-03-18,hospital,[60 - 69],7,14
2020-03-18,hospital,[70 - 79],2,6
2020-03-18,hospital,80+,0,2
2020-03-18,hospital,total,23,35
2020-03-18,icu,[0 - 9],0,0
2020-03-18,icu,[10 - 19],0,0
2020-03-18,icu,[20 - 29],0,0
2020-03-18,icu,[30 - 39],0,1
2020-03-18,icu,[40 - 49],0,2
2020-03-18,icu,[50 - 59],0,3
2020-03-18,icu,[60 - 69],1,4
2020-03-18,icu,[70 - 79],0,3
2020-03-18,icu,80+,0,1
2020-03-18,icu,total,2,7
2020-03-19,cases,[0 - 9],4,9
2020-03-19,cases,[10 - 19],22,33
2020-03-19,cases,[20 - 29],52,69
2020-03-19,cases,[30 - 39],70,89
2020-03-19,cases,[40 - 49],100,124
2020-03-19,cases,[50 - 59],76,97
2020-03-19,cases,[60 - 69],50,68
2020-03-19,cases,[70 - 79],10,18
2020-03-19,cases,80+,1,4
2020-03-19,cases,total,385,430
2020-03-19,hospital,[0 - 9],0,0
2020-03-19,hospital,[10 - 19],0,1
2020-03-19,hospital,[20 - 29],0,3
2020-03-19,hospital,[30 - 39],2,7
2020-03-19,hospital,[40 - 49],5,11
2020-03-19,hospital,[50 - 59],8,15
2020-03-19,hospital,[60 - 69],8,16
2020-03-19,hospital,[70 - 79],2,7
2020-03-19,hospital,80+,0,2
2020-03-19,hospital,total,27,40
2020-03-19,icu,[0 - 9],0,0
2020-03-19,icu,[10 - 19],0,0
2020-03-19,icu,[20 - 29],0,0
2020-03-19,icu,[30 - 39],0,1
2020-03-19,icu,[40 - 49],0,2
2020-03-19,icu,[50 - 59],1,3
2020-03-19,icu,[60 - 69],1,5
2020-03-19,icu,[70 - 79],0,3
2020-03-19,icu,80+,0,1
2020-03-19,icu,total,3,8
2020-03-20,cases,[0 - 9],5,11
2020-03-20,cases,[10 - 19],25,38
2020-03-20,cases,[20 - 29],60,79
2020-03-20,cases,[30 - 39],81,104
2020-03-20,cases,[40 - 49],116,143
2020-03-20,cases,[50 - 59],88,110
2020-03-20,cases,[60 - 69],58,77
2020-03-20,cases,[70 - 79],11,19
2020-03-20,cases,80+,1,4
2020-03-20,cases,total,447,505
2020-03-20,hospital,[0 - 9],0,0
2020-03-20,hospital,[10 - 19],0,1
2020-03-20,hospital,[20 - 29],1,3
2020-03-20,hospital,[30 - 39],2,7
2020-03-20,hospital,[40 - 49],6,12
2020-03-20,hospital,[50 - 59],9,16
2020-03-20,hospital,[60 - 69],10,18
2020-03-20,hospital,[70 - 79],3,7
2020-03-20,hospital,80+,0,2
2020-03-20,hospital,total,31,44
2020-03-20,icu,[0 - 9],0,0
2020-03-20,icu,[10 - 19],0,0
2020-03-20,icu,[20 - 29],0,0
2020-03-20,icu,[30 - 39],0,1
2020-03-20,icu,[40 - 49],0,2
2020-03-20,icu,[50 - 59],1,4
2020-03-20,icu,[60 - 69],1,5
2020-03-20,icu,[70 - 79],0,3
2020-03-20,icu,80+,0,1
2020-03-20,icu,total,4,9
2020-03-21,cases,[0 - 9],5,11
2020-03-21,cases,[10 - 19],29,42
2020-03-21,cases,[20 - 29],69,90
2020-03-21,cases,[30 - 39],93,118
2020-03-21,cases,[40 - 49],133,164
2020-03-21,cases,[50 - 59],100,127
2020-03-21,cases,[60 - 69],68,87
2020-03-21,cases,[70 - 79],13,22
2020-03-21,cases,80+,1,4
2020-03-21,cases,total,512,582
2020-03-21,hospital,[0 - 9],0,0
2020-03-21,hospital,[10 - 19],0,1
2020-03-21,hospital,[20 - 29],1,4
2020-03-21,hospital,[30 - 39],3,8
2020-03-21,hospital,[40 - 49],6,13
2020-03-21,hospital,[50 - 59],10,18
2020-03-21,hospital,[60 - 69],11,19
2020-03-21,hospital,[70 - 79],3,8
2020-03-21,hospital,80+,0,2
2020-03-21,hospital,total,35,50
2020-03-21,icu,[0 - 9],0,0
2020-03-21,icu,[10 - 19],0,0
2020-03-21,icu,[20 - 29],0,0
2020-03-21,icu,[30 - 39],0,1
2020-03-21,icu,[40 - 49],0,2
2020-03-21,icu,[50 - 59],1,4
2020-03-21,icu,[60 - 69],2,5
2020-03-21,icu,[70 - 79],1,3
2020-03-21,icu,80+,0,1
2020-03-21,icu,total,4,10
2020-03-22,cases,[0 - 9],6,13
2020-03-22,cases,[10 - 19],33,48
2020-03-22,cases,[20 - 29],79,102
2020-03-22,cases,[30 - 39],107,134
2020-03-22,cases,[40 - 49],152,189
2020-03-22,cases,[50 - 59],114,145
2020-03-22,cases,[60 - 69],77,98
2020-03-22,cases,[70 - 79],15,25
2020-03-22,cases,80+,1,5
2020-03-22,cases,total,584,669
2020-03-22,hospital,[0 - 9],0,0
2020-03-22,hospital,[10 - 19],0,1
2020-03-22,hospital,[20 - 29],1,4
2020-03-22,hospital,[30 - 39],3,8
2020-03-22,hospital,[40 - 49],7,14
2020-03-22,hospital,[50 - 59],12,20
2020-03-22,hospital,[60 - 69],12,22
2020-03-22,hospital,[70 - 79],3,9
2020-03-22,hospital,80+,0,2
2020-03-22,hospital,total,40,58
2020-03-22,icu,[0 - 9],0,0
2020-03-22,icu,[10 - 19],0,0
2020-03-22,icu,[20 - 29],0,1
2020-03-22,icu,[30 - 39],0,1
2020-03-22,icu,[40 - 49],0,2
2020-03-22,icu,[50 - 59],1,4
2020-03-22,icu,[60 - 69],2,6
2020-03-22,icu,[70 - 79],1,4
2020-03-22,icu,80+,0,1
2020-03-22,icu,total,5,10
2020-03-23,cases,[0 - 9],7,14
2020-03-23,cases,[10 - 19],38,54
2020-03-23,cases,[20 - 29],89,114
2020-03-23,cases,[30 - 39],120,152
2020-03-23,cases,[40 - 49],172,211
2020-03-23,cases,[50 - 59],130,163
2020-03-23,cases,[60 - 69],87,112
2020-03-23,cases,[70 - 79],16,26
2020-03-23,cases,80+,1,5
2020-03-23,cases,total,661,763
2020-03-23,hospital,[0 - 9],0,0
2020-03-23,hospital,[10 - 19],0,1
2020-03-23,hospital,[20 - 29],1,4
2020-03-23,hospital,[30 - 39],4,9
2020-03-23,hospital,[40 - 49],8,16
2020-03-23,hospital,[50 - 59],13,22
2020-03-23,hospital,[60 - 69],14,24
2020-03-23,hospital,[70 - 79],4,10
2020-03-23,hospital,80+,0,2
2020-03-23,hospital,total,45,63
2020-03-23,icu,[0 - 9],0,0
2020-03-23,icu,[10 - 19],0,0
2020-03-23,icu,[20 - 29],0,1
2020-03-23,icu,[30 - 39],0,1
2020-03-23,icu,[40 - 49],0,2
2020-03-23,icu,[50 - 59],1,5
2020-03-23,icu,[60 - 69],2,7
2020-03-23,icu,[70 - 79],1,4
2020-03-23,icu,80+,0,1
2020-03-23,icu,total,5,12
2020-03-24,cases,[0 - 9],8,15
2020-03-24,cases,[10 - 19],41,58
2020-03-24,cases,[20 - 29],97,127
2020-03-24,cases,[30 - 39],130,168
2020-03-24,cases,[40 - 49],186,232
2020-03-24,cases,[50 - 59],141,181
2020-03-24,cases,[60 - 69],94,124
2020-03-24,cases,[70 - 79],18,30
2020-03-24,cases,80+,1,5
2020-03-24,cases,total,717,860
2020-03-24,hospital,[0 - 9],0,0
2020-03-24,hospital,[10 - 19],0,1
2020-03-24,hospital,[20 - 29],1,4
2020-03-24,hospital,[30 - 39],4,9
2020-03-24,hospital,[40 - 49],9,17
2020-03-24,hospital,[50 - 59],14,24
2020-03-24,hospital,[60 - 69],16,26
2020-03-24,hospital,[70 - 79],4,10
2020-03-24,hospital,80+,0,2
2020-03-24,hospital,total,49,70
2020-03-24,icu,[0 - 9],0,0
2020-03-24,icu,[10 - 19],0,0
2020-03-24,icu,[20 - 29],0,1
2020-03-24,icu,[30 - 39],0,1
2020-03-24,icu,[40 - 49],0,2
2020-03-24,icu,[50 - 59],1,5
2020-03-24,icu,[60 - 69],2,7
2020-03-24,icu,[70 - 79],1,4
2020-03-24,icu,80+,0,1
2020-03-24,icu,total,6,12
2020-03-25,cases,[0 - 9],8,17
2020-03-25,cases,[10 - 19],45,64
2020-03-25,cases,[20 - 29],108,142
2020-03-25,cases,[30 - 39],144,187
2020-03-25,cases,[40 - 49],208,263
2020-03-25,cases,[50 - 59],157,202
2020-03-25,cases,[60 - 69],105,138
2020-03-25,cases,[70 - 79],20,32
2020-03-25,cases,80+,1,5
2020-03-25,cases,total,796,979
2020-03-25,hospital,[0 - 9],0,0
2020-03-25,hospital,[10 - 19],0,2
2020-03-25,hospital,[20 - 29],1,5
2020-03-25,hospital,[30 - 39],4,11
2020-03-25,hospital,[40 - 49],10,19
2020-03-25,hospital,[50 - 59],16,27
2020-03-25,hospital,[60 - 69],17,29
2020-03-25,hospital,[70 - 79],5,11
2020-03-25,hospital,80+,0,3
2020-03-25,hospital,total,55,78
2020-03-25,icu,[0 - 9],0,0
2020-03-25,icu,[10 - 19],0,0
2020-03-25,icu,[20 - 29],0,1
2020-03-25,icu,[30 - 39],0,1
2020-03-25,icu,[40 - 49],0,3
2020-03-25,icu,[50 - 59],1,5
2020-03-25,icu,[60 - 69],3,7
2020-03-25,icu,[70 - 79],1,4
2020-03-25,icu,80+,0,1
2020-03-25,icu,total,6,13
2020-03-26,cases,[0 - 9],9,17
2020-03-26,cases,[10 - 19],49,71
2020-03-26,cases,[20 - 29],118,160
2020-03-26,cases,[30 - 39],159,211
2020-03-26,cases,[40 - 49],227,293
2020-03-26,cases,[50 - 59],172,229
2020-03-26,cases,[60 - 69],114,154
2020-03-26,cases,[70 - 79],22,35
2020-03-26,cases,80+,2,6
2020-03-26,cases,total,876,1113
2020-03-26,hospital,[0 - 9],0,0
2020-03-26,hospital,[10 - 19],0,1
2020-03-26,hospital,[20 - 29],1,5
2020-03-26,hospital,[30 - 39],5,11
2020-03-26,hospital,[40 - 49],11,20
2020-03-26,hospital,[50 - 59],17,30
2020-03-26,hospital,[60 - 69],19,31
2020-03-26,hospital,[70 - 79],5,12
2020-03-26,hospital,80+,0,3
2020-03-26,hospital,total,60,84
2020-03-26,icu,[0 - 9],0,0
2020-03-26,icu,[10 - 19],0,0
2020-03-26,icu,[20 - 29],0,1
2020-03-26,icu,[30 - 39],0,1
2020-03-26,icu,[40 - 49],0,3
2020-03-26,icu,[50 - 59],2,6
2020-03-26,icu,[60 - 69],3,8
2020-03-26,icu,[70 - 79],1,4
2020-03-26,icu,80+,0,2
2020-03-26,icu,total,7,14
2020-03-27,cases,[0 - 9],10,19
2020-03-27,cases,[10 - 19],54,80
2020-03-27,cases,[20 - 29],128,176
2020-03-27,cases,[30 - 39],172,235
2020-03-27,cases,[40 - 49],248,334
2020-03-27,cases,[50 - 59],187,252
2020-03-27,cases,[60 - 69],125,173
2020-03-27,cases,[70 - 79],24,39
2020-03-27,cases,80+,2,6
2020-03-27,cases,total,952,1254
2020-03-27,hospital,[0 - 9],0,1
2020-03-27,hospital,[10 - 19],0,2
2020-03-27,hospital,[20 - 29],1,5
2020-03-27,hospital,[30 - 39],5,12
2020-03-27,hospital,[40 - 49],12,22
2020-03-27,hospital,[50 - 59],19,33
2020-03-27,hospital,[60 - 69],21,35
2020-03-27,hospital,[70 - 79],6,12
2020-03-27,hospital,80+,0,3
2020-03-27,hospital,total,65,94
2020-03-27,icu,[0 - 9],0,0
2020-03-27,icu,[10 - 19],0,0
2020-03-27,icu,[20 - 29],0,1
2020-03-27,icu,[30 - 39],0,2
2020-03-27,icu,[40 - 49],0,3
2020-03-27,icu,[50 - 59],2,6
2020-03-27,icu,[60 - 69],3,9
2020-03-27,icu,[70 - 79],1,5
2020-03-27,icu,80+,0,2
2020-03-27,icu,total,8,15
2020-03-28,cases,[0 - 9],11,20
2020-03-28,cases,[10 - 19],58,85
2020-03-28,cases,[20 - 29],139,193
2020-03-28,cases,[30 - 39],186,264
2020-03-28,cases,[40 - 49],267,367
2020-03-28,cases,[50 - 59],200,283
2020-03-28,cases,[60 - 69],134,192
2020-03-28,cases,[70 - 79],26,41
2020-03-28,cases,80+,2,6
2020-03-28,cases,total,1023,1394
2020-03-28,hospital,[0 - 9],0,1
2020-03-28,hospital,[10 - 19],0,2
2020-03-28,hospital,[20 - 29],1,5
2020-03-28,hospital,[30 - 39],6,13
2020-03-28,hospital,[40 - 49],13,23
2020-03-28,hospital,[50 - 59],20,35
2020-03-28,hospital,[60 - 69],22,37
2020-03-28,hospital,[70 - 79],6,13
2020-03-28,hospital,80+,0,3
2020-03-28,hospital,total,70,104
2020-03-28,icu,[0 - 9],0,0
2020-03-28,icu,[10 - 19],0,0
2020-03-28,icu,[20 - 29],0,1
2020-03-28,icu,[30 - 39],0,2
2020-03-28,icu,[40 - 49],0,3
2020-03-28,icu,[50 - 59],2,6
2020-03-28,icu,[60 - 69],4,9
2020-03-28,icu,[70 - 79],1,5
2020-03-28,icu,80+,0,2
2020-03-28,icu,total,8,17
2020-03-29,cases,[0 - 9],11,22
2020-03-29,cases,[10 - 19],62,97
2020-03-29,cases,[20 - 29],147,217
2020-03-29,cases,[30 - 39],198,288
2020-03-29,cases,[40 - 49],284,409
2020-03-29,cases,[50 - 59],214,313
2020-03-29,cases,[60 - 69],143,211
2020-03-29,cases,[70 - 79],28,46
2020-03-29,cases,80+,2,7
2020-03-29,cases,total,1090,1558
2020-03-29,hospital,[0 - 9],0,0
2020-03-29,hospital,[10 - 19],0,2
2020-03-29,hospital,[20 - 29],2,6
2020-03-29,hospital,[30 - 39],6,14
2020-03-29,hospital,[40 - 49],14,26
2020-03-29,hospital,[50 - 59],22,38
2020-03-29,hospital,[60 - 69],24,40
2020-03-29,hospital,[70 - 79],7,14
2020-03-29,hospital,80+,0,3
2020-03-29,hospital,total,75,116
2020-03-29,icu,[0 - 9],0,0
2020-03-29,icu,[10 - 19],0,0
2020-03-29,icu,[20 - 29],0,1
2020-03-29,icu,[30 - 39],0,2
2020-03-29,icu,[40 - 49],0,3
2020-03-29,icu,[50 - 59],2,7
2020-03-29,icu,[60 - 69],4,10
2020-03-29,icu,[70 - 79],2,5
2020-03-29,icu,80+,0,2
2020-03-29,icu,total,9,18
2020-03-30,cases,[0 - 9],12,23
2020-03-30,cases,[10 - 19],65,104
2020-03-30,cases,[20 - 29],155,236
2020-03-30,cases,[30 - 39],208,315
2020-03-30,cases,[40 - 49],299,457
2020-03-30,cases,[50 - 59],225,347
2020-03-30,cases,[60 - 69],152,226
2020-03-30,cases,[70 - 79],29,49
2020-03-30,cases,80+,2,7
2020-03-30,cases,total,1149,1724
2020-03-30,hospital,[0 - 9],0,1
2020-03-30,hospital,[10 - 19],0,2
2020-03-30,hospital,[20 - 29],2,6
2020-03-30,hospital,[30 - 39],7,14
2020-03-30,hospital,[40 - 49],15,28
2020-03-30,hospital,[50 - 59],23,41
2020-03-30,hospital,[60 - 69],25,43
2020-03-30,hospital,[70 - 79],7,15
2020-03-30,hospital,80+,1,3
2020-03-30,hospital,total,80,125
2020-03-30,icu,[0 - 9],0,0
2020-03-30,icu,[10 - 19],0,0
2020-03-30,icu,[20 - 29],0,1
2020-03-30,icu,[30 - 39],0,2
2020-03-30,icu,[40 - 49],1,3
2020-03-30,icu,[50 - 59],2,7
2020-03-30,icu,[60 - 69],4,10
2020-03-30,icu,[70 - 79],2,6
2020-03-30,icu,80+,0,2
2020-03-30,icu,total,9,19
2020-03-31,cases,[0 - 9],13,25
2020-03-31,cases,[10 - 19],68,115
2020-03-31,cases,[20 - 29],163,258
2020-03-31,cases,[30 - 39],218,346
2020-03-31,cases,[40 - 49],313,490
2020-03-31,cases,[50 - 59],239,368
2020-03-31,cases,[60 - 69],159,250
2020-03-31,cases,[70 - 79],30,52
2020-03-31,cases,80+,2,7
2020-03-31,cases,total,1202,1878
2020-03-31,hospital,[0 - 9],0,0
2020-03-31,hospital,[10 - 19],0,2
2020-03-31,hospital,[20 - 29],2,6
2020-03-31,hospital,[30 - 39],7,15
2020-03-31,hospital,[40 - 49],15,29
2020-03-31,hospital,[50 - 59],24,43
2020-03-31,hospital,[60 - 69],26,47
2020-03-31,hospital,[70 - 79],7,16
2020-03-31,hospital,80+,1,3
2020-03-31,hospital,total,83,135
2020-03-31,icu,[0 - 9],0,0
2020-03-31,icu,[10 - 19],0,0
2020-03-31,icu,[20 - 29],0,1
2020-03-31,icu,[30 - 39],0,2
2020-03-31,icu,[40 - 49],1,3
2020-03-31,icu,[50 - 59],2,7
2020-03-31,icu,[60 - 69],4,11
2020-03-31,icu,[70 - 79],2,6
2020-03-31,icu,80+,0,2
2020-03-31,icu,total,10,20
2020-04-01,cases,[0 - 9],13,26
2020-04-01,cases,[10 - 19],71,122
2020-04-01,cases,[20 - 29],169,279
2020-04-01,cases,[30 - 39],227,375
2020-04-01,cases,[40 - 49],324,533
2020-04-01,cases,[50 - 59],247,411
2020-04-01,cases,[60 - 69],164,272
2020-04-01,cases,[70 - 79],32,56
2020-04-01,cases,80+,2,8
2020-04-01,cases,total,1249,2058
2020-04-01,hospital,[0 - 9],0,1
2020-04-01,hospital,[10 - 19],0,2
2020-04-01,hospital,[20 - 29],2,6
2020-04-01,hospital,[30 - 39],7,16
2020-04-01,hospital,[40 - 49],16,31
2020-04-01,hospital,[50 - 59],25,47
2020-04-01,hospital,[60 - 69],27,50
2020-04-01,hospital,[70 - 79],8,16
2020-04-01,hospital,80+,1,3
2020-04-01,hospital,total,86,147
2020-04-01,icu,[0 - 9],0,0
2020-04-01,icu,[10 - 19],0,0
2020-04-01,icu,[20 - 29],0,1
2020-04-01,icu,[30 - 39],0,2
2020-04-01,icu,[40 - 49],1,3
2020-04-01,icu,[50 - 59],2,7
2020-04-01,icu,[60 - 69],4,11
2020-04-01,icu,[70 - 79],2,6
2020-04-01,icu,80+,0,2
2020-04-01,icu,total,10,21
2020-04-02,cases,[0 - 9],13,28
2020-04-02,cases,[10 - 19],74,126
2020-04-02,cases,[20 - 29],174,299
2020-04-02,cases,[30 - 39],233,393
2020-04-02,cases,[40 - 49],335,576
2020-04-02,cases,[50 - 59],253,425
2020-04-02,cases,[60 - 69],167,294
2020-04-02,cases,[70 - 79],33,60
2020-04-02,cases,80+,3,8
2020-04-02,cases,total,1287,2183
2020-04-02,hospital,[0 - 9],0,1
2020-04-02,hospital,[10 - 19],0,2
2020-04-02,hospital,[20 - 29],2,6
2020-04-02,hospital,[30 - 39],7,17
2020-04-02,hospital,[40 - 49],16,32
2020-04-02,hospital,[50 - 59],26,49
2020-04-02,hospital,[60 - 69],28,53
2020-04-02,hospital,[70 - 79],8,17
2020-04-02,hospital,80+,1,4
2020-04-02,hospital,total,89,153
2020-04-02,icu,[0 - 9],0,0
2020-04-02,icu,[10 - 19],0,0
2020-04-02,icu,[20 - 29],0,1
2020-04-02,icu,[30 - 39],0,2
2020-04-02,icu,[40 - 49],1,4
2020-04-02,icu,[50 - 59],3,8
2020-04-02,icu,[60 - 69],5,11
2020-04-02,icu,[70 - 79],2,6
2020-04-02,icu,80+,0,2
2020-04-02,icu,total,10,22
2020-04-03,cases,[0 - 9],14,29
2020-04-03,cases,[10 - 19],74,136
2020-04-03,cases,[20 - 29],177,315
2020-04-03,cases,[30 - 39],239,423
2020-04-03,cases,[40 - 49],340,612
2020-04-03,cases,[50 - 59],258,453
2020-04-03,cases,[60 - 69],173,306
2020-04-03,cases,[70 - 79],34,61
2020-04-03,cases,80+,3,8
2020-04-03,cases,total,1311,2297
2020-04-03,hospital,[0 - 9],0,1
2020-04-03,hospital,[10 - 19],0,2
2020-04-03,hospital,[20 - 29],2,7
2020-04-03,hospital,[30 - 39],7,18
2020-04-03,hospital,[40 - 49],17,33
2020-04-03,hospital,[50 - 59],26,51
2020-04-03,hospital,[60 - 69],28,55
2020-04-03,hospital,[70 - 79],8,18
2020-04-03,hospital,80+,1,4
2020-04-03,hospital,total,90,162
2020-04-03,icu,[0 - 9],0,0
2020-04-03,icu,[10 - 19],0,0
2020-04-03,icu,[20 - 29],0,1
2020-04-03,icu,[30 - 39],0,2
2020-04-03,icu,[40 - 49],1,4
2020-04-03,icu,[50 - 59],2,8
2020-04-03,icu,[60 - 69],5,12
2020-04-03,icu,[70 - 79],2,7
2020-04-03,icu,80+,0,2
2020-04-03,icu,total,11,21
2020-04-04,cases,[0 - 9],14,29
2020-04-04,cases,[10 - 19],76,146
2020-04-04,cases,[20 - 29],179,334
2020-04-04,cases,[30 - 39],243,448
2020-04-04,cases,[40 - 49],345,640
2020-04-04,cases,[50 - 59],263,478
2020-04-04,cases,[60 - 69],173,316
2020-04-04,cases,[70 - 79],34,66
2020-04-04,cases,80+,3,8
2020-04-04,cases,total,1332,2456
2020-04-04,hospital,[0 - 9],0,1
2020-04-04,hospital,[10 - 19],0,2
2020-04-04,hospital,[20 - 29],2,7
2020-04-04,hospital,[30 - 39],8,18
2020-04-04,hospital,[40 - 49],17,36
2020-04-04,hospital,[50 - 59],27,55
2020-04-04,hospital,[60 - 69],29,58
2020-04-04,hospital,[70 - 79],8,18
2020-04-04,hospital,80+,1,4
2020-04-04,hospital,total,92,176
2020-04-04,icu,[0 - 9],0,0
2020-04-04,icu,[10 - 19],0,0
2020-04-04,icu,[20 - 29],0,1
2020-04-04,icu,[30 - 39],0,2
2020-04-04,icu,[40 - 49],1,4
2020-04-04,icu,[50 - 59],3,8
2020-04-04,icu,[60 - 69],5,12
2020-04-04,icu,[70 - 79],2,7
2020-04-04,icu,80+,0,2
2020-04-04,icu,total,11,24
2020-04-05,cases,[0 - 9],14,30
2020-04-05,cases,[10 - 19],77,152
2020-04-05,cases,[20 - 29],181,354
2020-04-05,cases,[30 - 39],243,470
2020-04-05,cases,[40 - 49],346,667
2020-04-05,cases,[50 - 59],262,499
2020-04-05,cases,[60 - 69],175,333
2020-04-05,cases,[70 - 79],34,70
2020-04-05,cases,80+,3,8
2020-04-05,cases,total,1335,2550
2020-04-05,hospital,[0 - 9],0,1
2020-04-05,hospital,[10 - 19],0,2
2020-04-05,hospital,[20 - 29],2,7
2020-04-05,hospital,[30 - 39],8,19
2020-04-05,hospital,[40 - 49],17,37
2020-04-05,hospital,[50 - 59],27,54
2020-04-05,hospital,[60 - 69],29,60
2020-04-05,hospital,[70 - 79],8,20
2020-04-05,hospital,80+,1,4
2020-04-05,hospital,total,92,182
2020-04-05,icu,[0 - 9],0,0
2020-04-05,icu,[10 - 19],0,0
2020-04-05,icu,[20 - 29],0,1
2020-04-05,icu,[30 - 39],0,2
2020-04-05,icu,[40 - 49],1,4
2020-04-05,icu,[50 - 59],3,8
2020-04-05,icu,[60 - 69],5,12
2020-04-05,icu,[70 - 79],2,7
2020-04-05,icu,80+,0,2
2020-04-05,icu,total,11,24
2020-04-06,cases,[0 - 9],14,32
2020-04-06,cases,[10 - 19],76,158
2020-04-06,cases,[20 - 29],179,354
2020-04-06,cases,[30 - 39],241,487
2020-04-06,cases,[40 - 49],348,685
2020-04-06,cases,[50 - 59],262,519
2020-04-06,cases,[60 - 69],174,354
2020-04-06,cases,[70 - 79],34,68
2020-04-06,cases,80+,3,9
2020-04-06,cases,total,1329,2600
2020-04-06,hospital,[0 - 9],0,1
2020-04-06,hospital,[10 - 19],0,2
2020-04-06,hospital,[20 - 29],2,7
2020-04-06,hospital,[30 - 39],8,20
2020-04-06,hospital,[40 - 49],17,35
2020-04-06,hospital,[50 - 59],27,58
2020-04-06,hospital,[60 - 69],29,62
2020-04-06,hospital,[70 - 79],8,19
2020-04-06,hospital,80+,1,4
2020-04-06,hospital,total,92,190
2020-04-06,icu,[0 - 9],0,0
2020-04-06,icu,[10 - 19],0,0
2020-04-06,icu,[20 - 29],0,1
2020-04-06,icu,[30 - 39],0,2
2020-04-06,icu,[40 - 49],1,4
2020-04-06,icu,[50 - 59],3,8
2020-04-06,icu,[60 - 69],5,13
2020-04-06,icu,[70 - 79],2,6
2020-04-06,icu,80+,0,2
2020-04-06,icu,total,11,25
2020-04-07,cases,[0 - 9],14,33
2020-04-07,cases,[10 - 19],74,162
2020-04-07,cases,[20 - 29],178,378
2020-04-07,cases,[30 - 39],238,499
2020-04-07,cases,[40 - 49],341,710
2020-04-07,cases,[50 - 59],258,541
2020-04-07,cases,[60 - 69],172,366
2020-04-07,cases,[70 - 79],33,71
2020-04-07,cases,80+,3,9
2020-04-07,cases,total,1306,2733
2020-04-07,hospital,[0 - 9],0,1
2020-04-07,hospital,[10 - 19],0,2
2020-04-07,hospital,[20 - 29],2,7
2020-04-07,hospital,[30 - 39],8,19
2020-04-07,hospital,[40 - 49],16,38
2020-04-07,hospital,[50 - 59],26,58
2020-04-07,hospital,[60 - 69],29,65
2020-04-07,hospital,[70 - 79],8,20
2020-04-07,hospital,80+,1,3
2020-04-07,hospital,total,90,196
2020-04-07,icu,[0 - 9],0,0
2020-04-07,icu,[10 - 19],0,0
2020-04-07,icu,[20 - 29],0,1
2020-04-07,icu,[30 - 39],0,2
2020-04-07,icu,[40 - 49],1,4
2020-04-07,icu,[50 - 59],3,8
2020-04-07,icu,[60 - 69],5,13
2020-04-07,icu,[70 - 79],2,7
2020-04-07,icu,80+,0,2
2020-04-07,icu,total,11,26
2020-04-08,cases,[0 - 9],14,32
2020-04-08,cases,[10 - 19],74,168
2020-04-08,cases,[20 - 29],174,382
2020-04-08,cases,[30 - 39],234,511
2020-04-08,cases,[40 - 49],334,721
2020-04-08,cases,[50 - 59],254,562
2020-04-08,cases,[60 - 69],169,366
2020-04-08,cases,[70 - 79],33,78
2020-04-08,cases,80+,3,8
2020-04-08,cases,total,1286,2764
2020-04-08,hospital,[0 - 9],0,1
2020-04-08,hospital,[10 - 19],0,2
2020-04-08,hospital,[20 - 29],2,7
2020-04-08,hospital,[30 - 39],7,19
2020-04-08,hospital,[40 - 49],16,39
2020-04-08,hospital,[50 - 59],26,59
2020-04-08,hospital,[60 - 69],28,64
2020-04-08,hospital,[70 - 79],8,21
2020-04-08,hospital,80+,1,4
2020-04-08,hospital,total,89,192
2020-04-08,icu,[0 - 9],0,0
2020-04-08,icu,[10 - 19],0,0
2020-04-08,icu,[20 - 29],0,1
2020-04-08,icu,[30 - 39],0,2
2020-04-08,icu,[40 - 49],1,4
2020-04-08,icu,[50 - 59],2,8
2020-04-08,icu,[60 - 69],5,13
2020-04-08,icu,[70 - 79],2,7
2020-04-08,icu,80+,0,2
2020-04-08,icu,total,10,26
2020-04-09,cases,[0 - 9],13,33
2020-04-09,cases,[10 - 19],71,160
2020-04-09,cases,[20 - 29],169,377
2020-04-09,cases,[30 - 39],228,514
2020-04-09,cases,[40 - 49],326,741
2020-04-09,cases,[50 - 59],247,557
2020-04-09,cases,[60 - 69],165,374
2020-04-09,cases,[70 - 79],32,76
2020-04-09,cases,80+,3,8
2020-04-09,cases,total,1253,2793
2020-04-09,hospital,[0 - 9],0,1
2020-04-09,hospital,[10 - 19],0,2
2020-04-09,hospital,[20 - 29],2,7
2020-04-09,hospital,[30 - 39],7,20
2020-04-09,hospital,[40 - 49],16,39
2020-04-09,hospital,[50 - 59],25,60
2020-04-09,hospital,[60 - 69],27,66
2020-04-09,hospital,[70 - 79],8,21
2020-04-09,hospital,80+,1,3
2020-04-09,hospital,total,87,199
2020-04-09,icu,[0 - 9],0,0
2020-04-09,icu,[10 - 19],0,0
2020-04-09,icu,[20 - 29],0,1
2020-04-09,icu,[30 - 39],0,2
2020-04-09,icu,[40 - 49],1,4
2020-04-09,icu,[50 - 59],2,9
2020-04-09,icu,[60 - 69],4,13
2020-04-09,icu,[70 - 79],2,7
2020-04-09,icu,80+,0,2
2020-04-09,icu,total,10,26
2020-04-10,cases,[0 - 9],13,33
2020-04-10,cases,[10 - 19],69,171
2020-04-10,cases,[20 - 29],164,382
2020-04-10,cases,[30 - 39],217,512
2020-04-10,cases,[40 - 49],315,753
2020-04-10,cases,[50 - 59],237,565
2020-04-10,cases,[60 - 69],157,385
2020-04-10,cases,[70 - 79],31,75
2020-04-10,cases,80+,2,9
2020-04-10,cases,total,1197,2827
2020-04-10,hospital,[0 - 9],0,1
2020-04-10,hospital,[10 - 19],0,2
2020-04-10,hospital,[20 - 29],2,7
2020-04-10,hospital,[30 - 39],7,19
2020-04-10,hospital,[40 - 49],15,39
2020-04-10,hospital,[50 - 59],24,61
2020-04-10,hospital,[60 - 69],26,67
2020-04-10,hospital,[70 - 79],8,21
2020-04-10,hospital,80+,1,4
2020-04-10,hospital,total,83,202
2020-04-10,icu,[0 - 9],0,0
2020-04-10,icu,[10 - 19],0,0
2020-04-10,icu,[20 - 29],0,1
2020-04-10,icu,[30 - 39],0,2
2020-04-10,icu,[40 - 49],1,4
2020-04-10,icu,[50 - 59],2,8
2020-04-10,icu,[60 - 69],4,13
2020-04-10,icu,[70 - 79],2,7
2020-04-10,icu,80+,0,2
2020-04-10,icu,total,10,27
2020-04-11,cases,[0 - 9],12,33
2020-04-11,cases,[10 - 19],66,167
2020-04-11,cases,[20 - 29],157,393
2020-04-11,cases,[30 - 39],210,516
2020-04-11,cases,[40 - 49],302,754
2020-04-11,cases,[50 - 59],226,567
2020-04-11,cases,[60 - 69],153,378
2020-04-11,cases,[70 - 79],29,76
2020-04-11,cases,80+,2,8
2020-04-11,cases,total,1151,2865
2020-04-11,hospital,[0 - 9],0,1
2020-04-11,hospital,[10 - 19],0,2
2020-04-11,hospital,[20 - 29],2,7
2020-04-11,hospital,[30 - 39],7,19
2020-04-11,hospital,[40 - 49],15,39
2020-04-11,hospital,[50 - 59],23,62
2020-04-11,hospital,[60 - 69],25,65
2020-04-11,hospital,[70 - 79],7,21
2020-04-11,hospital,80+,0,3
2020-04-11,hospital,total,80,203
2020-04-11,icu,[0 - 9],0,0
2020-04-11,icu,[10 - 19],0,0
2020-04-11,icu,[20 - 29],0,1
2020-04-11,icu,[30 - 39],0,2
2020-04-11,icu,[40 - 49],1,4
2020-04-11,icu,[50 - 59],2,8
2020-04-11,icu,[60 - 69],4,13
2020-04-11,icu,[70 - 79],2,7
2020-04-11,icu,80+,0,2
2020-04-11,icu,total,10,26
2020-04-12,cases,[0 - 9],11,33
2020-04-12,cases,[10 - 19],63,164
2020-04-12,cases,[20 - 29],150,382
2020-04-12,cases,[30 - 39],200,517
2020-04-12,cases,[40 - 49],284,726
2020-04-12,cases,[50 - 59],217,556
2020-04-12,cases,[60 - 69],144,386
2020-04-12,cases,[70 - 79],28,75
2020-04-12,cases,80+,2,8
2020-04-12,cases,total,1095,2805
2020-04-12,hospital,[0 - 9],0,1
2020-04-12,hospital,[10 - 19],0,2
2020-04-12,hospital,[20 - 29],2,7
2020-04-12,hospital,[30 - 39],6,19
2020-04-12,hospital,[40 - 49],14,40
2020-04-12,hospital,[50 - 59],22,60
2020-04-12,hospital,[60 - 69],24,67
2020-04-12,hospital,[70 - 79],7,19
2020-04-12,hospital,80+,0,3
2020-04-12,hospital,total,76,202
2020-04-12,icu,[0 - 9],0,0
2020-04-12,icu,[10 - 19],0,0
2020-04-12,icu,[20 - 29],0,1
2020-04-12,icu,[30 - 39],0,2
2020-04-12,icu,[40 - 49],0,4
2020-04-12,icu,[50 - 59],2,8
2020-04-12,icu,[60 - 69],4,13
2020-04-12,icu,[70 - 79],2,6
2020-04-12,icu,80+,0,2
2020-04-12,icu,total,9,25
2020-04-13,cases,[0 - 9],11,31
2020-04-13,cases,[10 - 19],59,165
2020-04-13,cases,[20 - 29],140,379
2020-04-13,cases,[30 - 39],187,504
2020-04-13,cases,[40 - 49],267,732
2020-04-13,cases,[50 - 59],203,555
2020-04-13,cases,[60 - 69],135,368
2020-04-13,cases,[70 - 79],26,71
2020-04-13,cases,80+,2,8
2020-04-13,cases,total,1030,2758
2020-04-13,hospital,[0 - 9],0,0
2020-04-13,hospital,[10 - 19],0,2
2020-04-13,hospital,[20 - 29],2,7
2020-04-13,hospital,[30 - 39],6,19
2020-04-13,hospital,[40 - 49],13,38
2020-04-13,hospital,[50 - 59],21,59
2020-04-13,hospital,[60 - 69],23,64
2020-04-13,hospital,[70 - 79],6,19
2020-04-13,hospital,80+,0,3
2020-04-13,hospital,total,71,195
2020-04-13,icu,[0 - 9],0,0
2020-04-13,icu,[10 - 19],0,0
2020-04-13,icu,[20 - 29],0,1
2020-04-13,icu,[30 - 39],0,2
2020-04-13,icu,[40 - 49],1,3
2020-04-13,icu,[50 - 59],2,8
2020-04-13,icu,[60 - 69],4,13
2020-04-13,icu,[70 - 79],1,6
2020-04-13,icu,80+,0,2
2020-04-13,icu,total,8,26
2020-04-14,cases,[0 - 9],10,33
2020-04-14,cases,[10 - 19],54,160
2020-04-14,cases,[20 - 29],130,372
2020-04-14,cases,[30 - 39],176,498
2020-04-14,cases,[40 - 49],250,697
2020-04-14,cases,[50 - 59],189,535
2020-04-14,cases,[60 - 69],125,358
2020-04-14,cases,[70 - 79],24,74
2020-04-14,cases,80+,2,8
2020-04-14,cases,total,962,2689
2020-04-14,hospital,[0 - 9],0,0
2020-04-14,hospital,[10 - 19],0,2
2020-04-14,hospital,[20 - 29],1,7
2020-04-14,hospital,[30 - 39],5,18
2020-04-14,hospital,[40 - 49],12,37
2020-04-14,hospital,[50 - 59],19,56
2020-04-14,hospital,[60 - 69],21,61
2020-04-14,hospital,[70 - 79],6,19
2020-04-14,hospital,80+,0,3
2020-04-14,hospital,total,66,189
2020-04-14,icu,[0 - 9],0,0
2020-04-14,icu,[10 - 19],0,0
2020-04-14,icu,[20 - 29],0,1
2020-04-14,icu,[30 - 39],0,2
2020-04-14,icu,[40 - 49],0,3
2020-04-14,icu,[50 - 59],2,8
2020-04-14,icu,[60 - 69],3,12
2020-04-14,icu,[70 - 79],1,6
2020-04-14,icu,80+,0,2
2020-04-14,icu,total,8,24
2020-04-15,cases,[0 - 9],9,30
2020-04-15,cases,[10 - 19],50,152
2020-04-15,cases,[20 - 29],119,362
2020-04-15,cases,[30 - 39],161,493
2020-04-15,cases,[40 - 49],229,679
2020-04-15,cases,[50 - 59],174,531
2020-04-15,cases,[60 - 69],116,344
2020-04-15,cases,[70 - 79],22,71
2020-04-15,cases,80+,2,8
2020-04-15,cases,total,881,2631
2020-04-15,hospital,[0 - 9],0,0
2020-04-15,hospital,[10 - 19],0,2
2020-04-15,hospital,[20 - 29],1,6
2020-04-15,hospital,[30 - 39],5,18
2020-04-15,hospital,[40 - 49],11,35
2020-04-15,hospital,[50 - 59],18,58
2020-04-15,hospital,[60 - 69],19,61
2020-04-15,hospital,[70 - 79],5,18
2020-04-15,hospital,80+,0,3
2020-04-15,hospital,total,61,185
2020-04-15,icu,[0 - 9],0,0
2020-04-15,icu,[10 - 19],0,0
2020-04-15,icu,[20 - 29],0,1
2020-04-15,icu,[30 - 39],0,2
2020-04-15,icu,[40 - 49],0,3
2020-04-15,icu,[50 - 59],2,8
2020-04-15,icu,[60 - 69],3,12
2020-04-15,icu,[70 - 79],1,6
2020-04-15,icu,80+,0,2
2020-04-15,icu,total,7,23
2020-04-16,cases,[0 - 9],8,29
2020-04-16,cases,[10 - 19],46,146
2020-04-16,cases,[20 - 29],109,349
2020-04-16,cases,[30 - 39],146,462
2020-04-16,cases,[40 - 49],208,648
2020-04-16,cases,[50 - 59],158,497
2020-04-16,cases,[60 - 69],105,348
2020-04-16,cases,[70 - 79],21,68
2020-04-16,cases,80+,2,7
2020-04-16,cases,total,799,2543
2020-04-16,hospital,[0 - 9],0,0
2020-04-16,hospital,[10 - 19],0,2
2020-04-16,hospital,[20 - 29],1,6
2020-04-16,hospital,[30 - 39],5,17
2020-04-16,hospital,[40 - 49],10,33
2020-04-16,hospital,[50 - 59],16,56
2020-04-16,hospital,[60 - 69],17,59
2020-04-16,hospital,[70 - 79],5,18
2020-04-16,hospital,80+,0,3
2020-04-16,hospital,total,56,176
2020-04-16,icu,[0 - 9],0,0
2020-04-16,icu,[10 - 19],0,0
2020-04-16,icu,[20 - 29],0,1
2020-04-16,icu,[30 - 39],0,2
2020-04-16,icu,[40 - 49],0,3
2020-04-16,icu,[50 - 59],1,8
2020-04-16,icu,[60 - 69],3,12
2020-04-16,icu,[70 - 79],1,6
2020-04-16,icu,80+,0,1
2020-04-16,icu,total,7,23
2020-04-17,cases,[0 - 9],8,29
2020-04-17,cases,[10 - 19],41,143
2020-04-17,cases,[20 - 29],99,330
2020-04-17,cases,[30 - 39],131,443
2020-04-17,cases,[40 - 49],186,631
2020-04-17,cases,[50 - 59],144,481
2020-04-17,cases,[60 - 69],95,318
2020-04-17,cases,[70 - 79],18,66
2020-04-17,cases,80+,1,8
2020-04-17,cases,total,723,2427
2020-04-17,hospital,[0 - 9],0,0
2020-04-17,hospital,[10 - 19],0,1
2020-04-17,hospital,[20 - 29],1,6
2020-04-17,hospital,[30 - 39],4,16
2020-04-17,hospital,[40 - 49],9,34
2020-04-17,hospital,[50 - 59],15,53
2020-04-17,hospital,[60 - 69],16,53
2020-04-17,hospital,[70 - 79],4,19
2020-04-17,hospital,80+,0,3
2020-04-17,hospital,total,50,168
2020-04-17,icu,[0 - 9],0,0
2020-04-17,icu,[10 - 19],0,0
2020-04-17,icu,[20 - 29],0,1
2020-04-17,icu,[30 - 39],0,1
2020-04-17,icu,[40 - 49],0,3
2020-04-17,icu,[50 - 59],1,8
2020-04-17,icu,[60 - 69],2,11
2020-04-17,icu,[70 - 79],1,6
2020-04-17,icu,80+,0,1
2020-04-17,icu,total,6,23
